ID,Label
113.jpg,0
117.jpg,0
118.jpg,0
124.jpg,2
128.jpg,0
134.jpg,0
139.jpg,0
145.jpg,0
149.jpg,0
150.jpg,0
155.jpg,0
166.jpg,0
168.jpg,2
176.jpg,2
179.jpg,0
185.jpg,0
202.jpg,0
204.jpg,0
206.jpg,0
208.jpg,0
219.jpg,0
220.jpg,0
221.jpg,0
223.jpg,0
225.jpg,0
226.jpg,0
234.jpg,2
238.jpg,0
240.jpg,0
241.jpg,0
242.jpg,0
255.jpg,0
257.jpg,0
268.jpg,0
271.jpg,0
277.jpg,0
278.jpg,0
280.jpg,0
281.jpg,0
283.jpg,0
284.jpg,0
287.jpg,0
290.jpg,0
295.jpg,0
296.jpg,2
298.jpg,0
299.jpg,0
300.jpg,0
306.jpg,0
307.jpg,0
309.jpg,0
310.jpg,0
315.jpg,0
317.jpg,0
322.jpg,0
327.jpg,0
328.jpg,0
329.jpg,0
330.jpg,0
332.jpg,0
336.jpg,0
338.jpg,0
341.jpg,0
342.jpg,0
343.jpg,0
345.jpg,0
346.jpg,0
348.jpg,0
351.jpg,0
353.jpg,0
354.jpg,0
355.jpg,0
358.jpg,0
360.jpg,0
361.jpg,0
363.jpg,0
365.jpg,0
370.jpg,0
372.jpg,0
373.jpg,0
374.jpg,0
375.jpg,0
377.jpg,0
382.jpg,0
384.jpg,2
385.jpg,0
388.jpg,0
398.jpg,0
399.jpg,0
404.jpg,0
405.jpg,0
408.jpg,0
410.jpg,0
414.jpg,0
415.jpg,0
416.jpg,0
417.jpg,0
418.jpg,0
419.jpg,0
420.jpg,0
421.jpg,0
422.jpg,0
423.jpg,0
424.jpg,0
425.jpg,0
427.jpg,0
43.jpg,0
430.jpg,0
431.jpg,0
433.jpg,0
434.jpg,0
435.jpg,0
436.jpg,0
437.jpg,0
438.jpg,0
442.jpg,0
443.jpg,0
444.jpg,0
445.jpg,0
446.jpg,0
448.jpg,2
449.jpg,0
451.jpg,0
452.jpg,0
453.jpg,0
454.jpg,0
455.jpg,0
457.jpg,0
458.jpg,2
459.jpg,0
46.jpg,0
462.jpg,0
463.jpg,0
465.jpg,2
467.jpg,0
468.jpg,0
469.jpg,2
470.jpg,0
472.jpg,0
474.jpg,0
477.jpg,0
478.jpg,0
481.jpg,0
482.jpg,0
484.jpg,0
485.jpg,0
488.jpg,0
489.jpg,0
490.jpg,0
494.jpg,0
496.jpg,0
497.jpg,0
498.jpg,0
499.jpg,0
500.jpg,0
501.jpg,0
502.jpg,0
505.jpg,0
506.jpg,0
507.jpg,0
508.jpg,0
509.jpg,0
510.jpg,0
511.jpg,0
512.jpg,0
514.jpg,0
516.jpg,0
517.jpg,0
518.jpg,0
519.jpg,0
522.jpg,0
523.jpg,0
524.jpg,0
525.jpg,0
526.jpg,0
527.jpg,0
528.jpg,0
529.jpg,0
530.jpg,0
532.jpg,0
533.jpg,0
534.jpg,0
535.jpg,0
536.jpg,0
537.jpg,0
538.jpg,0
539.jpg,0
541.jpg,0
544.jpg,0
546.jpg,0
547.jpg,0
548.jpg,0
549.jpg,0
551.jpg,0
552.jpg,0
553.jpg,0
554.jpg,0
555.jpg,0
556.jpg,0
558.jpg,0
559.jpg,0
560.jpg,0
562.jpg,0
563.jpg,0
564.jpg,0
565.jpg,0
566.jpg,0
567.jpg,0
568.jpg,0
569.jpg,0
570.jpg,0
571.jpg,0
572.jpg,0
573.jpg,0
574.jpg,0
575.jpg,0
576.jpg,0
577.jpg,0
578.jpg,0
579.jpg,0
581.jpg,0
582.jpg,0
583.jpg,0
584.jpg,0
585.jpg,0
587.jpg,0
588.jpg,0
590.jpg,0
591.jpg,1
592.jpg,0
593.jpg,0
595.jpg,0
596.jpg,0
597.jpg,0
598.jpg,0
599.jpg,2
600.jpg,0
602.jpg,0
604.jpg,0
605.jpg,0
606.jpg,2
607.jpg,0
610.jpg,0
611.jpg,0
612.jpg,0
613.jpg,0
614.jpg,0
615.jpg,0
616.jpg,0
617.jpg,0
618.jpg,0
619.jpg,2
620.jpg,2
622.jpg,0
623.jpg,0
624.jpg,0
625.jpg,0
626.jpg,0
627.jpg,0
628.jpg,0
629.jpg,0
630.jpg,0
631.jpg,0
632.jpg,0
633.jpg,0
634.jpg,2
635.jpg,0
636.jpg,0
637.jpg,0
638.jpg,0
640.jpg,2
641.jpg,2
642.jpg,0
644.jpg,0
645.jpg,0
646.jpg,2
648.jpg,0
650.jpg,0
651.jpg,0
652.jpg,2
653.jpg,0
654.jpg,2
655.jpg,0
656.jpg,0
657.jpg,0
658.jpg,0
659.jpg,0
660.jpg,0
661.jpg,0
662.jpg,0
663.jpg,0
664.jpg,0
665.jpg,0
666.jpg,0
667.jpg,0
668.jpg,0
670.jpg,0
671.jpg,0
672.jpg,0
673.jpg,0
675.jpg,0
676.jpg,0
677.jpg,0
678.jpg,0
679.jpg,0
680.jpg,0
681.jpg,0
682.jpg,0
683.jpg,0
684.jpg,0
685.jpg,0
686.jpg,0
687.jpg,0
688.jpg,0
689.jpg,0
69.jpg,2
690.jpg,0
691.jpg,0
692.jpg,0
693.jpg,0
694.jpg,0
695.jpg,0
696.jpg,0
697.jpg,0
698.jpg,0
699.jpg,2
700.jpg,0
701.jpg,0
702.jpg,0
703.jpg,0
705.jpg,0
706.jpg,0
707.jpg,0
708.jpg,0
709.jpg,0
710.jpg,0
713.jpg,0
714.jpg,2
715.jpg,0
716.jpg,0
717.jpg,0
718.jpg,0
719.jpg,0
720.jpg,0
721.jpg,0
722.jpg,0
724.jpg,0
725.jpg,0
726.jpg,0
727.jpg,0
728.jpg,0
729.jpg,0
730.jpg,0
731.jpg,0
732.jpg,0
733.jpg,0
734.jpg,0
735.jpg,0
736.jpg,0
737.jpg,0
738.jpg,0
739.jpg,2
740.jpg,0
741.jpg,0
742.jpg,0
743.jpg,0
744.jpg,0
745.jpg,0
746.jpg,0
747.jpg,0
748.jpg,0
749.jpg,0
750.jpg,0
751.jpg,0
752.jpg,0
753.jpg,0
754.jpg,0
755.jpg,1
756.jpg,1
757.jpg,1
758.jpg,1
759.jpg,1
760.jpg,1
761.jpg,1
762.jpg,1
763.jpg,1
764.jpg,2
765.jpg,1
766.jpg,2
767.jpg,1
768.jpg,1
769.jpg,1
77.jpg,1
770.jpg,1
771.jpg,1
772.jpg,1
773.jpg,1
774.jpg,1
775.jpg,1
776.jpg,2
777.jpg,2
778.jpg,1
779.jpg,2
780.jpg,1
781.jpg,1
782.jpg,2
783.jpg,0
784.jpg,2
785.jpg,1
786.jpg,1
787.jpg,2
788.jpg,1
789.jpg,1
790.jpg,1
791.jpg,1
792.jpg,0
793.jpg,1
794.jpg,1
795.jpg,2
796.jpg,1
797.jpg,1
798.jpg,2
799.jpg,1
80.jpg,0
800.jpg,1
801.jpg,1
802.jpg,0
803.jpg,1
804.jpg,1
805.jpg,1
806.jpg,1
807.jpg,1
808.jpg,1
809.jpg,0
810.jpg,1
811.jpg,1
812.jpg,1
813.jpg,1
814.jpg,1
815.jpg,2
816.jpg,1
817.jpg,1
818.jpg,1
819.jpg,1
820.jpg,1
821.jpg,1
822.jpg,1
823.jpg,2
824.jpg,1
825.jpg,1
826.jpg,2
827.jpg,1
828.jpg,1
829.jpg,1
830.jpg,1
831.jpg,1
832.jpg,1
833.jpg,1
834.jpg,1
835.jpg,1
836.jpg,1
837.jpg,1
838.jpg,1
839.jpg,1
840.jpg,2
841.jpg,1
842.jpg,2
843.jpg,1
844.jpg,1
845.jpg,1
846.jpg,1
847.jpg,1
848.jpg,1
849.jpg,2
85.jpg,0
850.jpg,2
851.jpg,1
852.jpg,0
853.jpg,2
854.jpg,1
855.jpg,0
856.jpg,1
857.jpg,1
858.jpg,1
859.jpg,1
86.jpg,0
860.jpg,0
861.jpg,1
862.jpg,1
863.jpg,1
864.jpg,1
865.jpg,1
866.jpg,1
867.jpg,1
868.jpg,1
869.jpg,2
870.jpg,1
871.jpg,1
872.jpg,1
873.jpg,0
874.jpg,1
875.jpg,1
876.jpg,1
877.jpg,0
878.jpg,1
879.jpg,1
880.jpg,1
881.jpg,1
882.jpg,1
883.jpg,1
884.jpg,1
885.jpg,1
886.jpg,2
887.jpg,1
888.jpg,1
889.jpg,1
890.jpg,1
891.jpg,1
892.jpg,1
893.jpg,1
894.jpg,2
895.jpg,1
896.jpg,1
897.jpg,1
898.jpg,1
899.jpg,1
900.jpg,1
901.jpg,1
902.jpg,1
903.jpg,1
904.jpg,1
905.jpg,2
906.jpg,1
907.jpg,1
908.jpg,1
909.jpg,1
91.jpg,0
910.jpg,1
911.jpg,1
912.jpg,1
913.jpg,1
914.jpg,1
915.jpg,1
916.jpg,1
917.jpg,2
918.jpg,1
919.jpg,1
920.jpg,1
921.jpg,1
922.jpg,2
923.jpg,2
924.jpg,1
925.jpg,1
926.jpg,1
927.jpg,1
928.jpg,2
929.jpg,1
930.jpg,1
931.jpg,2
932.jpg,1
933.jpg,1
934.jpg,1
935.jpg,1
936.jpg,1
937.jpg,2
938.jpg,1
939.jpg,1
94.jpg,0
940.jpg,1
941.jpg,1
942.jpg,1
943.jpg,2
944.jpg,0
945.jpg,2
946.jpg,2
947.jpg,0
948.jpg,2
949.jpg,1
95.jpg,0
950.jpg,2
951.jpg,1
952.jpg,1
953.jpg,1
954.jpg,1
955.jpg,1
956.jpg,1
957.jpg,1
958.jpg,1
959.jpg,1
960.jpg,1
961.jpg,1
962.jpg,0
963.jpg,1
964.jpg,2
965.jpg,2
966.jpg,1
967.jpg,1
968.jpg,1
969.jpg,1
970.jpg,1
971.jpg,1
972.jpg,1
973.jpg,1
974.jpg,1
975.jpg,1
976.jpg,1
977.jpg,1
978.jpg,1
979.jpg,2
980.jpg,1
981.jpg,1
982.jpg,0
983.jpg,1
984.jpg,1
985.jpg,1
986.jpg,1
987.jpg,1
988.jpg,1
989.jpg,1
990.jpg,1
991.jpg,1
992.jpg,1
993.jpg,1
994.jpg,1
995.jpg,1
996.jpg,1
997.jpg,0
998.jpg,2
AoF06723.jpg,2
AoF06739.jpg,2
AoF06740.jpg,2
AoF06746.jpg,2
AoF06747.jpg,2
AoF06748.jpg,2
AoF06750.jpg,2
AoF06760.jpg,2
AoF06761.jpg,2
AoF06762.jpg,2
AoF06763.jpg,2
AoF06764.jpg,2
AoF06765.jpg,2
AoF06766.jpg,2
AoF06767.jpg,2
AoF06768.jpg,2
AoF06769.jpg,2
AoF06773.jpg,2
AoF06774.jpg,2
AoF06775.jpg,2
AoF06801.jpg,2
AoF06809.jpg,2
AoF06817.jpg,2
AoF06818.jpg,1
AoF06819.jpg,2
AoF06820.jpg,2
AoF06821.jpg,2
AoF06822.jpg,1
AoF06824.jpg,2
AoF06825.jpg,2
AoF06827.jpg,1
AoF06828.jpg,1
AoF06830.jpg,2
AoF06831.jpg,2
AoF06832.jpg,2
AoF06833.jpg,2
AoF06834.jpg,2
AoF06841.jpg,2
AoF06842.jpg,2
AoF06843.jpg,2
AoF06844.jpg,2
AoF06845.jpg,2
AoF06846.jpg,2
AoF06847.jpg,2
AoF06848.jpg,2
AoF06852.jpg,2
AoF06855.jpg,2
AoF06857.jpg,2
AoF06858.jpg,2
AoF06859.jpg,2
AoF06860.jpg,2
AoF06861.jpg,2
AoF06864.jpg,2
AoF06868.jpg,2
AoF06869.jpg,2
AoF06870.jpg,2
AoF06872.jpg,2
AoF06873.jpg,2
AoF06875.jpg,2
AoF06876.jpg,2
AoF06877.jpg,2
AoF06878.jpg,2
AoF06879.jpg,2
AoF06880.jpg,2
AoF06881.jpg,2
AoF06882.jpg,2
AoF06883.jpg,2
AoF06885.jpg,2
AoF06887.jpg,2
AoF06888.jpg,2
AoF06890.jpg,2
AoF06891.jpg,2
AoF06892.jpg,2
AoF06893.jpg,1
AoF06894.jpg,2
AoF06895.jpg,2
AoF06896.jpg,2
AoF06897.jpg,2
AoF06898.jpg,2
AoF06901.jpg,1
AoF06903.jpg,2
AoF06905.jpg,2
AoF06907.jpg,1
AoF06908.jpg,2
AoF06909.jpg,2
AoF06910.jpg,2
AoF06911.jpg,1
AoF06912.jpg,2
AoF06913.jpg,2
AoF06914.jpg,2
AoF06915.jpg,2
AoF06916.jpg,2
AoF06917.jpg,2
AoF06919.jpg,2
AoF06920.jpg,2
AoF06921.jpg,2
AoF06922.jpg,1
AoF06923.jpg,2
AoF06925.jpg,2
AoF06926.jpg,2
AoF06927.jpg,2
AoF06928.jpg,2
AoF06930.jpg,2
AoF06932.jpg,2
AoF06933.jpg,2
AoF06934.jpg,2
AoF06939.jpg,2
AoF06940.jpg,2
AoF06941.jpg,2
AoF06945.jpg,2
AoF06946.jpg,2
AoF06947.jpg,2
AoF06948.jpg,2
AoF06952.jpg,2
AoF06961.jpg,2
AoF06965.jpg,2
AoF06966.jpg,2
AoF06967.jpg,2
AoF06969.jpg,2
AoF06972.jpg,2
AoF06973.jpg,2
AoF06974.jpg,2
AoF06975.jpg,2
AoF06977.jpg,2
AoF06979.jpg,2
AoF06980.jpg,2
AoF06981.jpg,2
AoF06982.jpg,2
AoF06983.jpg,2
AoF06993.jpg,2
AoF06994.jpg,2
AoF06997.jpg,2
AoF07003.jpg,2
AoF07030.jpg,2
AoF07033.jpg,2
AoF07038.jpg,2
AoF07039.jpg,2
AoF07040.jpg,2
AoF07043.jpg,2
AoF07044.jpg,2
AoF07045.jpg,2
AoF07053.jpg,2
AoF07055.jpg,2
AoF07060.jpg,2
AoF07079.jpg,2
AoF07096.jpg,2
AoF07097.jpg,2
AoF07103.jpg,0
AoF07104.jpg,0
AoF07105.jpg,0
AoF07108.jpg,0
AoF07113.jpg,0
AoF07117.jpg,2
AoF07122.jpg,1
AoF07123.jpg,1
AoF07124.jpg,2
AoF07129.jpg,0
AoF07139.jpg,2
AoF07140.jpg,2
AoF07141.jpg,2
AoF07142.jpg,2
AoF07147.jpg,2
AoF07148.jpg,2
AoF07149.jpg,2
AoF07153.jpg,2
AoF07154.jpg,2
AoF07155.jpg,2
AoF07156.jpg,2
AoF07157.jpg,2
AoF07158.jpg,2
AoF07159.jpg,2
AoF07168.jpg,2
AoF07169.jpg,2
AoF07170.jpg,2
AoF07171.jpg,2
AoF07172.jpg,2
AoF07173.jpg,2
AoF07174.jpg,2
AoF07175.jpg,2
AoF07176.jpg,2
AoF07177.jpg,2
AoF07184.jpg,2
AoF07185.jpg,2
AoF07188.jpg,2
AoF07191.jpg,2
AoF07195.jpg,2
AoF07217.jpg,2
AoF07218.jpg,2
AoF07219.jpg,2
AoF07220.jpg,2
AoF07221.jpg,2
AoF07222.jpg,2
AoF07223.jpg,2
AoF07225.jpg,2
AoF07226.jpg,2
AoF07227.jpg,2
AoF07228.jpg,2
AoF07229.jpg,2
AoF07230.jpg,2
AoF07231.jpg,2
AoF07236.jpg,2
AoF07237.jpg,2
AoF07238.jpg,2
AoF07240.jpg,2
AoF07241.jpg,2
AoF07252.jpg,2
AoF07258.jpg,2
AoF07259.jpg,2
AoF07268.jpg,2
AoF07276.jpg,2
AoF07277.jpg,2
AoF07278.jpg,2
AoF07279.jpg,2
AoF07280.jpg,2
AoF07281.jpg,2
AoF07283.jpg,2
AoF07284.jpg,2
AoF07286.jpg,2
AoF07287.jpg,2
AoF07288.jpg,2
AoF07289.jpg,2
AoF07290.jpg,2
AoF07318.jpg,2
AoF07328.jpg,2
AoF07329.jpg,2
AoF07330.jpg,2
AoF07331.jpg,2
AoF07335.jpg,2
AoF07387.jpg,2
AoF07412.jpg,2
AoF07431.jpg,2
AoF07432.jpg,2
AoF07433.jpg,2
AoF07434.jpg,2
AoF07435.jpg,2
AoF07446.jpg,2
AoF07447.jpg,2
AoF07448.jpg,2
AoF07453.jpg,2
AoF07454.jpg,2
AoF07456.jpg,2
AoF07464.jpg,2
AoF07467.jpg,2
AoF07472.jpg,2
AoF07473.jpg,2
AoF07474.jpg,2
AoF07475.jpg,2
AoF07476.jpg,2
AoF07498.jpg,2
AoF07499.jpg,2
AoF07501.jpg,2
AoF07516.jpg,2
AoF07517.jpg,2
AoF07518.jpg,2
AoF07519.jpg,2
AoF07520.jpg,2
AoF07521.jpg,2
AoF07523.jpg,2
AoF07524.jpg,2
AoF07525.jpg,2
AoF07526.jpg,2
AoF07547.jpg,2
AoF07550.jpg,2
AoF07551.jpg,2
AoF07552.jpg,2
AoF07554.jpg,2
AoF07556.jpg,2
AoF07557.jpg,2
AoF07558.jpg,2
AoF07559.jpg,2
AoF07560.jpg,2
AoF07567.jpg,2
AoF07569.jpg,2
AoF07570.jpg,0
AoF07571.jpg,2
AoF07572.jpg,2
AoF07585.jpg,2
AoF07586.jpg,2
AoF07587.jpg,1
AoF07588.jpg,2
AoF07589.jpg,1
AoF07590.jpg,1
AoF07591.jpg,1
AoF07592.jpg,1
AoF07593.jpg,1
AoF07594.jpg,1
AoF07595.jpg,1
AoF07597.jpg,1
AoF07598.jpg,1
AoF07599.jpg,1
AoF07600.jpg,1
AoF07601.jpg,1
AoF07602.jpg,1
AoF07603.jpg,1
AoF07619.jpg,2
AoF07620.jpg,2
AoF07621.jpg,2
AoF07622.jpg,1
AoF07623.jpg,1
AoF07627.jpg,2
AoF07628.jpg,2
AoF07634.jpg,2
AoF07635.jpg,2
AoF07638.jpg,2
AoF07639.jpg,2
AoF07640.jpg,2
AoF07652.jpg,2
AoF07653.jpg,2
AoF07665.jpg,2
AoF07666.jpg,2
AoF07667.jpg,2
AoF07668.jpg,2
AoF07669.jpg,2
AoF07671.jpg,2
AoF07672.jpg,2
AoF07680.jpg,2
AoF07681.jpg,2
AoF07682.jpg,1
AoF07683.jpg,1
AoF07685.jpg,2
AoF07698.jpg,1
AoF07699.jpg,1
AoF07703.jpg,2
AoF07704.jpg,2
AoF07705.jpg,2
AoF07706.jpg,2
AoF07844.jpg,2
AoF07968.jpg,2
AoF08351.jpg,2
NorthAmerica (4).png,2
NorthAmerica (79).png,2
Orgon (10).png,0
Orgon (128).png,2
Orgon (14).png,2
Orgon (2).png,2
Orgon (33).png,2
Orgon (5).png,2
Orgon (6).png,2
PublicDataset01065.jpg,0
PublicDataset01066.jpg,0
PublicDataset01072.jpg,0
PublicDataset01073.jpg,0
PublicDataset01074.jpg,0
PublicDataset01075.jpg,0
PublicDataset01087.jpg,0
PublicDataset01088.jpg,0
PublicDataset01089.jpg,2
PublicDataset01091.jpg,2
PublicDataset01287.jpg,0
PublicDataset01315.jpg,0
PublicDataset01316.jpg,0
PublicDataset01317.jpg,0
PublicDataset01318.jpg,0
PublicDataset01321.jpg,0
PublicDataset01322.jpg,0
PublicDataset01328.jpg,0
PublicDataset01330.jpg,0
SaintCana (14).png,2
SaintCana (15).png,2
SaintCana (21).png,2
SaintCana (313).png,2
SaintCana (323).png,2
SaintCana (324).png,2
SaintCana (325).png,2
SaintCana (43).png,2
SaintCana (45).png,2
SaintCana (46).png,2
SaintCana (47).png,2
SaintCana (6).png,2
Smoke (10).png,2
SmokeBis (49).png,2
SmokeBis (6).png,2
SmokeCalifornia (100).png,2
SmokeCalifornia (191).png,2
SmokeCalifornia (203).png,2
SmokeDogHead (10).png,1
SmokeDogHead (100).png,2
SmokeDogHead (61).png,0
SmokeSajurafujima (100).png,2
SmokeSajurafujima (107).png,2
SmokeUsine (100).png,2
Trompe (10).png,2
Trompe (16).png,2
Trompe (20).png,2
Trompe (21).png,2
Trompe (22).png,2
Trompe (23).png,2
Trompe (24).png,2
Trompe (25).png,2
WEB09446.jpg,2
WEB09449.jpg,2
WEB09450.jpg,2
WEB09451.jpg,2
WEB09454.jpg,2
WEB09455.jpg,2
WEB09473.jpg,2
WEB09474.jpg,2
WEB09475.jpg,2
WEB09478.jpg,2
WEB09479.jpg,2
WEB09491.jpg,2
WEB09492.jpg,2
WEB09501.jpg,2
WEB09553.jpg,0
WEB09561.jpg,2
WEB09567.jpg,0
WEB09568.jpg,0
WEB09569.jpg,0
WEB09573.jpg,0
WEB09574.jpg,0
WEB09575.jpg,0
WEB09578.jpg,2
WEB09579.jpg,2
WEB09595.jpg,2
WEB09597.jpg,2
WEB09610.jpg,2
WEB09622.jpg,2
WEB09642.jpg,2
WEB09665.jpg,2
WEB09666.jpg,2
WEB09667.jpg,1
WEB09668.jpg,1
WEB09669.jpg,1
WEB09673.jpg,1
WEB09674.jpg,1
WEB09675.jpg,1
WEB09676.jpg,1
WEB09677.jpg,2
WEB09678.jpg,2
WEB09679.jpg,2
WEB09680.jpg,2
WEB09682.jpg,1
WEB09683.jpg,1
WEB09685.jpg,2
WEB09686.jpg,2
WEB09687.jpg,2
WEB09688.jpg,2
WEB09689.jpg,1
WEB09690.jpg,2
WEB09692.jpg,2
WEB09693.jpg,1
WEB09695.jpg,1
WEB09696.jpg,1
WEB09697.jpg,1
WEB09698.jpg,2
WEB09699.jpg,1
WEB09700.jpg,1
WEB09701.jpg,1
WEB09702.jpg,1
WEB09703.jpg,1
WEB09704.jpg,1
WEB09705.jpg,1
WEB09707.jpg,1
WEB09708.jpg,2
WEB09709.jpg,1
WEB09710.jpg,1
WEB09711.jpg,1
WEB09712.jpg,1
WEB09714.jpg,1
WEB09715.jpg,1
WEB09716.jpg,1
WEB09717.jpg,1
WEB09718.jpg,1
WEB09719.jpg,2
WEB09720.jpg,1
WEB09721.jpg,1
WEB09722.jpg,1
WEB09724.jpg,2
WEB09725.jpg,1
WEB09726.jpg,2
WEB09727.jpg,1
WEB09728.jpg,2
WEB09729.jpg,1
WEB09730.jpg,1
WEB09731.jpg,1
WEB09732.jpg,1
WEB09733.jpg,1
WEB09734.jpg,1
WEB09735.jpg,2
WEB09736.jpg,2
WEB09737.jpg,1
WEB09738.jpg,1
WEB09739.jpg,1
WEB09740.jpg,1
WEB09741.jpg,1
WEB09742.jpg,1
WEB09746.jpg,1
WEB09749.jpg,2
WEB09750.jpg,2
WEB09753.jpg,2
WEB09758.jpg,2
WEB09767.jpg,2
WEB09768.jpg,2
WEB09769.jpg,2
WEB09770.jpg,2
WEB09771.jpg,2
WEB09783.jpg,2
WEB09785.jpg,2
WEB09786.jpg,1
WEB09787.jpg,2
WEB09789.jpg,2
WEB09791.jpg,2
WEB09792.jpg,2
WEB09793.jpg,2
WEB09794.jpg,2
WEB09795.jpg,2
WEB09801.jpg,2
WEB09802.jpg,1
WEB09805.jpg,0
WEB09806.jpg,1
WEB09807.jpg,1
WEB09821.jpg,0
WEB09822.jpg,1
WEB09824.jpg,1
WEB09825.jpg,1
WEB09826.jpg,2
WEB09827.jpg,2
WEB09828.jpg,2
WEB09829.jpg,2
WEB09830.jpg,2
WEB09831.jpg,2
WEB09832.jpg,2
WEB09833.jpg,2
WEB09834.jpg,2
WEB09841.jpg,2
WEB09848.jpg,2
WEB09855.jpg,0
WEB09856.jpg,0
WEB09857.jpg,0
WEB09858.jpg,0
WEB09880.jpg,2
WEB09881.jpg,2
WEB09882.jpg,2
WEB09892.jpg,2
WEB09906.jpg,2
WEB09907.jpg,2
WEB09908.jpg,2
WEB09909.jpg,2
WEB09910.jpg,2
WEB09911.jpg,2
WEB09912.jpg,2
WEB09913.jpg,2
WEB09914.jpg,2
WEB09915.jpg,2
WEB09916.jpg,2
WEB09917.jpg,2
WEB09919.jpg,2
WEB09921.jpg,2
WEB09922.jpg,2
WEB09929.jpg,2
WEB09930.jpg,2
WEB09931.jpg,2
WEB09942.jpg,2
WEB09965.jpg,2
WEB09968.jpg,2
WEB09971.jpg,0
WEB09972.jpg,2
WEB09974.jpg,1
WEB09976.jpg,1
WEB09977.jpg,1
WEB09979.jpg,2
WEB09992.jpg,0
WEB10051.jpg,2
WEB10057.jpg,2
WEB10082.jpg,2
WEB10085.jpg,2
WEB10094.jpg,2
WEB10096.jpg,1
WEB10102.jpg,1
WEB10112.jpg,2
WEB10114.jpg,0
WEB10127.jpg,2
WEB10128.jpg,0
WEB10140.jpg,2
WEB10142.jpg,0
WEB10149.jpg,1
WEB10152.jpg,2
WEB10168.jpg,2
WEB10169.jpg,1
WEB10170.jpg,2
WEB10174.jpg,1
WEB10183.jpg,2
WEB10193.jpg,2
WEB10194.jpg,2
WEB10197.jpg,2
WEB10214.jpg,1
WEB10219.jpg,1
WEB10223.jpg,0
WEB10225.jpg,2
WEB10230.jpg,2
WEB10235.jpg,0
WEB10236.jpg,2
WEB10249.jpg,2
WEB10250.jpg,2
WEB10252.jpg,2
WEB10260.jpg,2
WEB10261.jpg,2
WEB10262.jpg,2
WEB10263.jpg,0
WEB10265.jpg,2
WEB10271.jpg,2
WEB10272.jpg,2
WEB10284.jpg,2
WEB10293.jpg,2
WEB10303.jpg,2
WEB10308.jpg,2
WEB10319.jpg,1
WEB10329.jpg,0
WEB10332.jpg,1
WEB10341.jpg,2
WEB10348.jpg,2
WEB10352.jpg,2
WEB10360.jpg,1
WEB10362.jpg,0
WEB10368.jpg,2
WEB10379.jpg,1
WEB10384.jpg,2
WEB10394.jpg,1
WEB10407.jpg,2
WEB10428.jpg,0
WEB10429.jpg,2
WEB10433.jpg,2
WEB10437.jpg,0
WEB10439.jpg,2
WEB10448.jpg,2
WEB10458.jpg,0
WEB10459.jpg,0
WEB10461.jpg,0
WEB10464.jpg,0
WEB10465.jpg,2
WEB10466.jpg,0
WEB10467.jpg,0
WEB10468.jpg,0
WEB10471.jpg,0
WEB10475.jpg,0
WEB10477.jpg,0
WEB10478.jpg,0
WEB10479.jpg,0
WEB10480.jpg,0
WEB10481.jpg,0
WEB10485.jpg,0
WEB10486.jpg,2
WEB10489.jpg,0
WEB10491.jpg,0
WEB10493.jpg,0
WEB10501.jpg,0
WEB10502.jpg,0
WEB10509.jpg,0
WEB10512.jpg,0
WEB10520.jpg,0
WEB10521.jpg,0
WEB10524.jpg,0
WEB10525.jpg,0
WEB10527.jpg,0
WEB10528.jpg,0
WEB10530.jpg,0
WEB10533.jpg,0
WEB10538.jpg,0
WEB10541.jpg,0
WEB10542.jpg,2
WEB10546.jpg,0
WEB10549.jpg,2
WEB10562.jpg,0
WEB10563.jpg,0
WEB10565.jpg,0
WEB10575.jpg,2
WEB10580.jpg,0
WEB10586.jpg,0
WEB10588.jpg,0
WEB10589.jpg,0
WEB10595.jpg,2
WEB10596.jpg,0
WEB10597.jpg,0
WEB10604.jpg,0
WEB10605.jpg,0
WEB10609.jpg,0
WEB10610.jpg,0
WEB10611.jpg,0
WEB10612.jpg,0
WEB10613.jpg,0
WEB10614.jpg,0
WEB10617.jpg,0
WEB10619.jpg,0
WEB10620.jpg,0
WEB10622.jpg,0
WEB10623.jpg,0
WEB10624.jpg,2
WEB10627.jpg,0
WEB10628.jpg,0
WEB10629.jpg,2
WEB10630.jpg,0
WEB10631.jpg,0
WEB10632.jpg,2
WEB10633.jpg,0
WEB10634.jpg,0
WEB10635.jpg,0
WEB10637.jpg,2
WEB10640.jpg,0
WEB10653.jpg,0
WEB10660.jpg,0
WEB10664.jpg,0
WEB10665.jpg,0
WEB10667.jpg,2
WEB10671.jpg,0
WEB10672.jpg,0
WEB10673.jpg,0
WEB10677.jpg,0
WEB10678.jpg,0
WEB10682.jpg,0
WEB10683.jpg,0
WEB10684.jpg,0
WEB10686.jpg,0
WEB10688.jpg,0
WEB10689.jpg,0
WEB10696.jpg,0
WEB10703.jpg,0
WEB10704.jpg,0
WEB10720.jpg,0
WEB10722.jpg,0
WEB10723.jpg,0
WEB10726.jpg,0
WEB10727.jpg,0
WEB10731.jpg,0
WEB10733.jpg,0
WEB10734.jpg,0
WEB10735.jpg,0
WEB10739.jpg,0
WEB10742.jpg,0
WEB10744.jpg,2
WEB10745.jpg,2
WEB10747.jpg,0
WEB10749.jpg,0
WEB10750.jpg,0
WEB10753.jpg,0
WEB10755.jpg,0
WEB10757.jpg,0
WEB10764.jpg,0
WEB10765.jpg,0
WEB10766.jpg,0
WEB10767.jpg,0
WEB10768.jpg,0
WEB10769.jpg,0
WEB10770.jpg,0
WEB10775.jpg,0
WEB10777.jpg,0
WEB10780.jpg,0
WEB10781.jpg,0
WEB10782.jpg,0
WEB10783.jpg,0
WEB10786.jpg,2
WEB10788.jpg,0
WEB10792.jpg,0
WEB10794.jpg,0
WEB10797.jpg,0
WEB10799.jpg,2
WEB10800.jpg,0
WEB10801.jpg,0
WEB10803.jpg,0
WEB10804.jpg,0
WEB10805.jpg,0
WEB10808.jpg,0
WEB10809.jpg,0
WEB10818.jpg,0
WEB10819.jpg,0
WEB10820.jpg,0
WEB10821.jpg,2
WEB10826.jpg,0
WEB10827.jpg,0
WEB10829.jpg,0
WEB10830.jpg,0
WEB10839.jpg,0
WEB10841.jpg,0
WEB10842.jpg,0
WEB10844.jpg,0
WEB10845.jpg,0
WEB10849.jpg,2
WEB10850.jpg,0
WEB10860.jpg,0
WEB10863.jpg,0
WEB10864.jpg,0
WEB10869.jpg,0
WEB10872.jpg,2
WEB10873.jpg,0
WEB10876.jpg,0
WEB10890.jpg,0
WEB10895.jpg,0
WEB10897.jpg,0
WEB10902.jpg,0
WEB10910.jpg,0
WEB10914.jpg,0
WEB10916.jpg,0
WEB10918.jpg,0
WEB10925.jpg,2
WEB10927.jpg,0
WEB10928.jpg,0
WEB10929.jpg,0
WEB10931.jpg,0
WEB10932.jpg,2
WEB10933.jpg,0
WEB10934.jpg,2
WEB10951.jpg,0
WEB10952.jpg,0
WEB10953.jpg,0
WEB10954.jpg,2
WEB10955.jpg,2
WEB10957.jpg,0
WEB10958.jpg,0
WEB10959.jpg,0
WEB10960.jpg,2
WEB11006.jpg,0
WEB11030.jpg,2
WEB11132.jpg,2
WEB11133.jpg,2
WEB11134.jpg,0
WEB11148.jpg,2
WEB11161.jpg,2
WEB11193.jpg,0
WEB11196.jpg,2
WEB11197.jpg,2
WEB11294.jpg,0
WEB11314.jpg,2
WEB11319.jpg,0
WEB11320.jpg,0
WEB11342.jpg,2
WEB11377.jpg,0
WEB11411.jpg,0
WEB11416.jpg,2
WEB11435.jpg,0
WEB11437.jpg,0
WEB11439.jpg,0
WEB11444.jpg,0
WEB11447.jpg,0
WEB11460.jpg,0
WEB11520.jpg,0
WEB11559.jpg,2
WEB11601.jpg,0
WEB11608.jpg,2
WEB11634.jpg,2
WEB11637.jpg,2
WEB11638.jpg,0
WEB11639.jpg,2
WEB11644.jpg,0
WEB11646.jpg,0
WEB11647.jpg,0
WEB11657.jpg,0
WEB11658.jpg,0
WEB11659.jpg,0
WEB11663.jpg,2
WEB11665.jpg,2
WEB11684.jpg,0
WEB11690.jpg,2
WEB11691.jpg,2
WEB11721.jpg,2
WEB11802.jpg,0
WEB11803.jpg,0
images - 2022-05-04T114539.873.jpeg,2
images - 2022-05-04T114539.895.jpeg,2
images - 2022-05-04T114539.916.jpeg,2
images - 2022-05-04T114539.926.jpeg,2
images - 2022-05-04T114539.957.jpeg,2
images - 2022-05-04T114539.968.jpeg,2
images - 2022-05-04T114539.989.jpeg,2
images - 2022-05-04T114540.002.jpeg,2
images - 2022-05-04T114540.084.jpeg,2
images - 2022-05-04T114540.094.jpeg,0
images - 2022-05-04T114540.103.jpeg,2
images - 2022-05-04T114540.114.jpeg,2
images - 2022-05-04T114540.135.jpeg,2
images - 2022-05-04T114540.146.jpeg,2
images - 2022-05-04T114540.157.jpeg,2
images - 2022-05-04T114540.177.jpeg,2
images - 2022-05-04T114540.188.jpeg,2
images - 2022-05-04T114540.207.jpeg,2
images - 2022-05-04T114540.220.jpeg,0
images - 2022-05-04T114540.240.jpeg,2
images - 2022-05-04T114540.250.jpeg,2
images - 2022-05-04T114540.260.jpeg,2
images - 2022-05-04T114540.279.jpeg,2
images - 2022-05-04T114540.289.jpeg,2
images - 2022-05-04T114540.338.jpeg,2
images - 2022-05-04T114540.348.jpeg,2
images - 2022-05-04T114540.358.jpeg,2
maisonbis (1).png,2
test101.jpg,2
test102.jpg,2
test103.jpg,2
test104.jpg,2
test105.jpg,2
test106.jpg,2
test107.jpg,2
test108.jpg,2
test109.jpg,2
test110.png,1
test111.jpg,1
test112.jpg,2
test113.jpg,2
test114.jpg,2
test115.jpg,2
test116.jpg,2
test117.jpg,2
test118.jpg,2
test119.jpg,2
test120.jpg,2
test121.jpg,2
test122.jpg,2
test123.jpg,2
test128.jpg,2
test134.jpg,2
test141.jpg,2
tВlВchargement (10).jpeg,2
tВlВchargement (11).jpeg,2
tВlВchargement (12).jpeg,2
tВlВchargement (3).jpeg,2
